first_name,last_name
Lib,Hannis
Paddie,Forgan
Shena,Muckloe
Modesta,Bowry
Janka,Coolson
Web,Cogdell
Evelin,Burt
Byron,Woodruffe
Mufi,Kettlewell
Eberhard,Rendell
Suzanna,Beacroft
Oralle,Stirland
Margareta,Jerrim
Raleigh,Bennetto
Giff,Teodorski
Melisent,Gioani
Dylan,Woolens
Jeni,Dewhirst
Joice,Ormrod
Lamond,Hammant
Llewellyn,Claiden
Zedekiah,Beveredge
Mattias,Losano
Klarika,Allawy
Carmelita,Ashlin
Bonni,Burner
Claire,Hannigan
Jard,Povey
Dominique,Wiseman
Thom,Dincke
Randa,McTear
Grenville,Giddings
Gunar,Gronowe
Ev,Scardefield
Lois,Lipson
Alli,Zotto
Leroy,Treven
Stephen,Trevethan
Ramsay,Piser
Alfred,Mainson
Corny,Rykert
Jozef,Parell
Kent,Swaisland
Jennica,Halsey
Giselbert,Kulas
Austine,Kristoffersen
Davina,Lauret
Dosi,Greystoke
Kerby,McCrachen
Modestine,Filippello
Blondie,Clee
Roanna,Brearty
Alaine,Avrahm
Harwell,Kees
Benita,Jadczak
Nariko,Skelhorn
Jerrie,Crombie
Byran,McGorman
Lydie,Eaves
Essa,Cyson
Winne,Sporrij
Sibella,Steketee
Gillian,Brundle
Casar,Sturmey
Kerrill,Chadwin
Krishna,Tomashov
Barde,Haistwell
Tobias,Walkinshaw
Jandy,Shwenn
Pauly,Geri
Melania,Trevor
Rosalynd,Soan
Danyette,Keam
Becka,Joselovitch
Lynn,Purchase
Alan,Blazhevich
Leif,Barnhill
Jessamine,Bischop
Rustin,Whittlesee
Katuscha,Wield
Oliviero,Pilmore
Stephie,Glendza
Cornela,D'Orsay
Jerrylee,McGuane
Arabelle,Union
Bonny,Quittonden
Staffard,Sames
Rafferty,Birdall
Raye,Quiney
Hermina,Lukas
Christiana,Balham
Bari,Clemanceau
Ibby,Swancott
Ashton,Al Hirsi
Ellswerth,Tacon
Natasha,Collerd
Web,Woodvine
Nicoli,Longford
Candide,Colmer
Elly,Elsbury
Oby,Monro
Meridel,Nowill
Thain,Sunners
Ramona,Cumpsty
Ansell,Viney
Jo ann,Hulstrom
Kile,Jankiewicz
Gunter,Vedyashkin
Gabbie,Crowdson
Thornie,Catherick
Joann,Neeve
Saunders,Henner
Cheryl,Baber
Moss,Barstowk
Robbi,Vidgen
Amie,Josling
Netti,Zammett
Crysta,Brandli
Cal,Danilovic
Osbert,Jewster
Mannie,Salmon
Herbie,Maystone
Vally,Beacroft
Ephraim,Rainard
Augy,Drakes
Ulrika,MacTrustam
Suzann,Gedling
Marcelo,Roly
Kim,Lidgley
Drucill,McElory
Salvidor,Tripp
Feodora,Elliss
Edna,Scranedge
Farly,Marley
Giavani,Chessun
Jillie,Lownie
Gale,Delatour
Misti,Siderfin
Kelvin,Jeeks
Joelie,Marzelli
Bertha,Durtnell
Carroll,Mc Coughan
Reilly,Poile
Bel,Drees
Nichole,Manus
Flossie,Pacht
Creighton,Minney
Maryrose,Dashkov
Fremont,Watts
Correy,Faulds
Tabbi,Westley
Paxton,Lacoste
Tobey,Durrans
Keslie,Ciccone
Maren,Campagne
Alfredo,Liffe
Kira,Duguid
Dillie,Chazerand
Arni,Heaford
Elana,Peye
Cullie,Lettuce
Kippie,Carabine
Mathias,Aggus
Sanders,Frunks
Stevy,Segar
Alecia,Garn
Hamish,Yakov
Leah,Greswell
Drucy,Boler
Bertine,Boich
Dav,Lamprey
Yulma,Leyshon
Finley,Kerwin
Zebedee,Kerin
Raye,Barnham
Arnuad,Mucillo
Pete,Sired
Pansy,Podbury
Rodge,Rzehor
Walt,Haggidon
Leland,Rodmell
Bern,Plait
Roslyn,Goodnow
Kelsey,Griffen
Natalina,Lindroos
Jedd,Hoppner
Field,O'Fearguise
Kesley,Van Arsdall
Katina,Vamplus
Eleni,Egger
Hersh,Elliss
Raquela,Winkett
Lita,Joder
Marty,Laite
Cyndia,Ferenczy
Editha,Prisley
Corella,Curtoys
Lief,Claasen
Timothy,Cassin
Dorry,Paula
Lionello,Brayne
Mozes,Aleksic
Carline,Shafier
Jade,Bremen
Ingaborg,Bukac
Quinn,Deppen
Courtnay,Shyre
Natalee,Jado
Melanie,Kinton
Far,Greenwell
Dan,Cattel
Ashely,Burrill
Shandeigh,Sommerly
Marylynne,Bayldon
Ashien,Mullins
Allyson,Grigoryev
Colette,Corking
Fanni,Usher
Celinka,Lobbe
Devina,Fautley
Hervey,Widdowfield
Willem,Going
Petr,Dursley
Anatollo,Blabey
Rosella,MacKenzie
Danna,Wingar
Monah,Pozer
Gary,Daly
Chance,Truggian
Lanita,Gimblet
Atlanta,Blucher
Dede,Samuels
Tabina,Kennicott
Ardith,Stubs
Mylo,MacLure
Chelsie,Allnatt
Benn,Ferrai
Brandy,Dumper
Alexi,Patterson
Marty,Joost
Phoebe,Gateshill
Mallorie,Elener
Gardiner,Itzhak
Winny,Zoane
Marcia,Hurrell
Zorah,Bosward
Margaret,Hollyland
Leisha,Edgerton
Arabel,Norgate
Wang,Bleckly
Donalt,Amps
Suzy,Eastop
Frayda,Goskar
Alejoa,Saines
Kelwin,Pelman
Quillan,Stiffkins
Ludvig,Kitley
Ruthie,Firsby
Maisey,Noyes
Miles,Bartunek
Denney,Rambaut
Alana,Andren
Northrup,Keppel
Sanson,Cadell
Freddy,Aslott
Woodrow,Giorgioni
Jacquelin,Tulloch
Selie,Larenson
Axel,Reinhardt
Georas,Mc Gee
Alberto,Bothbie
Artemas,Penny
Stewart,Grishelyov
Sayres,Pummell
Temp,Wotton
Helaina,Dellar
Syd,Yousef
Hendrika,Mingo
Tobias,Creany
Say,Klimentyev
Renaldo,Long
Starla,Issatt
Staford,Loan
Skye,Staker
Gwen,Utton
Heidi,Mohammed
Jerry,Clail
Chickie,Cavendish
Syman,Binfield
Raynell,Grishinov
Christy,Bugbee
Chauncey,Wyman
Penelope,Oneill
Zachary,Hugill
Ansley,Manvell
Humfrey,Bingle
Lynne,Newberry
Fons,Applin
Kathrine,Josilowski
Ade,Gatley
Consuela,Groneway
Wendi,Burgett
Lidia,Spiring
Ashley,Simmans
Hugues,Le Grove
Vin,Kennelly
Benny,O'Neill
Katherine,Tchir
Adella,Llewellin
Annabel,Ramme
Gare,Glacken
Ailene,Manhare
Kerry,Newcombe
Vin,Sunnex
Klara,Barribal
Marco,Goburn
Falito,Hurcombe
Vanny,Peevor
Virgina,Moyes
Lovell,Senecaut
Dorolisa,Reuther
Deane,Dubs
Lenard,Twort
Ellswerth,McQuode
Adriane,Frossell
Gunar,Merigot
Zenia,Ferronier
Dora,Berney
Robinetta,Proschek
Terrel,Sarvar
Lesli,Mozzi
Arthur,Marley
Geri,Bumpas
Walker,Langfitt
Garwin,Tear
Athene,Menchenton
Amery,Rivalant
Geoffrey,Haggarty
Morgana,Kordt
Ali,Crux
Thibaud,Ellins
Egbert,Sans
Bjorn,Gieves
Lishe,Jedrzejczyk
Wendye,Bocking
Meridel,Spoole
Osborne,Jedrzejczyk
Roland,Currie
Hali,Pumphreys
Maxie,Keems
Yehudi,Broek
Gibby,M'Chirrie
Taddeusz,Prestland
Cross,Pirelli
Adela,Olliar
Bonnie,Showering
Adi,Peascod
Berti,Deakan
Valentina,Tunnow
Perry,Grgic
Livy,Danser
Kelsey,Beastall
Marietta,Shortcliffe
Kai,Dudlestone
Roseanna,Dearth
Elka,Tullett
Beilul,Frape
Dana,Liptrot
Dylan,Tuffey
Blondell,Clarridge
Winnifred,McElwee
Bonita,Lochhead
Rhea,Emons
Taddeusz,Gerrit
Robbie,Cutill
Kailey,Wittier
Gerda,Owen
Hershel,Stillwell
Stavro,Vears
Kristo,Pashan
Denni,Izzat
Corey,Paunsford
Silvanus,Creyke
Yetty,Patria
Carmelle,Smethurst
Walton,Gourdon
Electra,Proctor
Yorke,Fallon
Garrot,Bote
Atlante,Stiles
Charlean,Evenden
Sid,Colkett
Barbee,Carik
Paten,Blasdale
Cecil,Benes
Petronia,Swarbrick
Carley,Serjeant
Sigfrid,Podmore
Maggy,Belt
Bartlett,Di Gregorio
Skelly,Gledhill
Purcell,McKendo
Kilian,Ditter
Damiano,Culshaw
Lona,Attenburrow
Prissie,Gibbs
Lari,Turfin
Leticia,Das
Kathryne,Noen
Goldi,Gostyke
Eben,Farahar
Welch,Buzzing
Valentina,Steptowe
Jorey,Dunford
Pollyanna,Mulford
Paulina,Redfearn
Cecilius,Butterick
Amabel,Toppas
Lyndel,Jull
Waylen,Jewster
Rubin,Chadney
Pearla,Sandle
Pennie,Knightley
Jamey,Andretti
Kermie,Milvarnie
Dollie,MacCauley
Arte,Edensor
Florence,Parkhouse
Jamison,Gogie
Quincy,Cochet
Guenevere,Denisot
Prudence,Van de Velde
Edsel,Burde
Dolli,O'Corr
Victoir,Pietzke
Pauly,Denham
Ryun,Davidsen
Ingelbert,Karczinski
Horatio,Pusill
Thaine,Muress
Hagan,Pietrzak
Gweneth,Donnersberg
Chandra,Trubshawe
Arielle,Bly
Auberon,Robert
Dexter,Finders
Sammy,Brookshaw
Artemus,Stearn
Valentia,Leneham
Herold,Stonier
Jerrie,Anfonsi
Joelie,Clayworth
Olivie,Catlin
Natalee,Spoors
Carling,Kells
Hi,Dibsdale
Tadio,McGarva
Ilse,Woodcroft
Paten,MacAloren
Gerik,Landre
Sigismund,Strond
Melania,Stonehouse
Tracey,Clail
Coretta,Aslott
Donal,Flaxon
Binnie,Trowbridge
Cece,Beedie
Catina,Maddin
Dawna,Thridgould
Debera,Kimmings
Steffi,Baltzar
Franky,Burdess
Marleah,Twiddy
Renato,Samweyes
Vina,Goodwins
Monti,Itskovitz
Olly,Charlesworth
Melissa,Orrey
Mariele,Denington
Vilhelmina,Edling
Roarke,Seagar
Irwin,Cella
Deanne,Abbet
Edmund,Bulle
Archambault,Darnbrough
Fidelia,Forrestall
Joachim,MacAvddy
Dylan,Stoppe
Rube,Twyford
Valentijn,Ondrak
Dunstan,Norvill
Olav,Walliker
Abner,Spata
Pamella,Gruczka
Marybeth,Youdell
Cesaro,Buzine
Glennie,Celle
Matty,Yoell
Alexandre,Dodgson
Trevor,Lawrie
Francklin,O'Moylane
Bearnard,Ammer
Murial,Willets
Cherice,Blankhorn
Danya,Gillopp
Florie,Swaddle
Melonie,Crinidge
Latrina,Wenn
Collie,McCaughren
Leonore,Georger
Rickert,Miner
Caddric,Armistead
Tanny,Matys
Cad,Filkin
Riobard,Hugnin
Sophia,Livesey
Rosalynd,Marciek
Emily,Ferrieres
Nola,Eisikovitsh
Nalani,Bellingham
Karla,Chestle
Ketti,Maskew
Tedman,Colebrook
Alexandra,Learoyde
Teodor,Olive
Armand,Asple
Cass,Ludewig
Isabeau,Moir
Heida,Jeannenet
Armando,Heggie
Shanda,Savidge
Marisa,Boick
Odo,Davy
Val,Bytheway
Barbaraanne,Gordge
Fernanda,Orrobin
Shamus,Alabaster
Pierce,Blanking
Nahum,Cullity
Minor,Gillean
Lovell,Cheverell
Candis,Carlone
Etta,Brideaux
Waly,Jamot
Frederic,Curee
Rebecca,Kretchmer
Lind,Derrett
Sibeal,Nicely
Godfry,Pandie
Johnnie,Driscoll
Florette,Manuelli
Jan,Henric
Aurore,Jorioz
Walker,Eberle
Lefty,Janacek
Gillian,O' Bee
Brien,Mostyn
Engelbert,Toffolini
Wood,Oyley
Roxane,Kingh
Dana,Whitlaw
Alexia,Pitchford
Salim,Cashen
Aila,Stuart
Madelon,Raybould
Bartholomew,Clubbe
Briana,Bendall
Corbin,Franklyn
Roseline,Rummins
Lydon,Littlemore
Georgine,Fishlock
Vasilis,Hamel
Barny,Van Arsdalen
Mikael,MacGarvey
Ania,Vequaud
Biron,Benesevich
Ellen,Mosco
Emmye,Abela
Hunfredo,Pettet
Billy,Hodgen
Ange,Roddan
Sanford,Bank
Colly,Durtnal
Clemens,Heffer
Stacee,Grime
Alphonse,Scotchforth
Caldwell,Revett
Kamila,Ponsford
Cherida,Swindles
Lynn,Frearson
Zorina,Thurby
Nerti,Fechnie
Erick,Lionel
Paule,Canedo
Marline,Sedcole
Marti,McConnal
Waverly,Richardsson
Leanora,Abadam
Reinald,Ramelot
Fraze,Bartolomieu
Shem,Mannooch
Emmy,Pittford
Wynne,Lyes
Web,Hinken
Aguistin,Skoggins
Wylie,Merriman
Kris,Barratt
Barbey,Aberkirdo
Christin,McKeveney
Dolly,Giberd
Peyton,De Cleen
Trude,Pearlman
Johnette,Abernethy
Lanita,Broadbridge
Persis,Sahnow
Nyssa,Coventon
Taylor,Hinkins
Sonny,Klesel
Kayley,Howie
Dorian,Canavan
Agnesse,Torn
Johnna,Tams
Jefferson,Rawood
Zebulen,Dunley
Devon,Gallager
Abelard,Layburn
Waldo,de la Tremoille
Karon,Laborda
Teena,Grene
Felice,D'Ambrosi
Karon,Shoubridge
Booth,Tapp
Kimble,Stachini
Hedi,Fasse
Mildred,Proschke
Cherida,Tuttiett
Douglas,Judkins
Rubetta,Nesbitt
Conan,McDonell
Colleen,Badland
Justine,Smylie
Finley,Pyatt
Jo,Dabel
Donalt,Follos
Felicdad,Boxer
Kelby,Pragnell
Caresse,Fearns
Lucy,Lightowler
Colby,Twigley
Jephthah,Dury
Doloritas,Garnham
Westleigh,Kinneally
Kerwin,Lawes
Ricard,Knivett
Valentia,Cattrall
Carly,Etienne
Kayle,Etienne
Janessa,Hentzer
Basil,Ennor
Shel,Jarrett
Astrid,Fanthom
Wendel,Himsworth
Dugald,Phayre
Hobey,McGrath
Con,Mathewson
Kenton,Bowle
Saul,Greatrex
Norrie,Oram
Rori,Mertel
Norina,Sapey
Court,Chevins
Olympie,Emanuel
Idalina,Folley
Mahmoud,Woodburn
Hortensia,Walaron
Lurette,Swalowe
Reggie,Ralton
Aksel,Dalgardno
Roosevelt,Golland
Jonie,Bellfield
Klemens,McCullouch
Harwell,Grayshan
Kathi,Cotterill
Madonna,Foggo
Rutherford,Baughn
Cristabel,Farnell
Martainn,Lettsom
Rollin,Fleay
Brigid,Kinnin
Zaccaria,Novichenko
Glenden,Barnaby
Stefanie,Bonnaire
Omero,Kausche
Jae,Camden
Liz,Grishinov
Mario,Ritter
Perry,Yitzovitz
Noellyn,Dowsey
Sofia,Marran
Candy,Yuryshev
Innis,Fotherby
Cara,Yonge
Myrtia,Timmons
Cirilo,Brecknell
Catherine,Frosdick
Clayton,Royse
Averell,Durward
Astrid,Caston
Ulberto,Treace
Annette,Pfeffle
Flynn,Jewett
Cos,Larman
Nonna,Delgado
Elbert,O' Meara
Marc,Castagnet
Minor,Totterdill
Ania,Drinkeld
Laverna,Issitt
Burgess,Arnull
Lydia,Postill
Marchelle,Dickons
Reinold,Ship
Thatcher,Marvell
Josi,Keemer
Axel,Tarr
Melicent,Durrett
Jenelle,Kempshall
Jojo,Antonowicz
Win,Cayford
Robinette,Spottswood
Dorree,Celli
Evin,Loudiane
Urbano,Brereton
Richart,Greensite
Marnie,Harbach
Jerry,Matveiko
Deirdre,MacKegg
Hildagard,Roughley
Marybeth,Petrie
Fay,Estrella
Orelie,Pomfret
Latia,Kubecka
Jacob,Greenside
Herminia,Adess
Ora,Jolin
Fanchette,Youde
Halli,Blurton
Anatola,Eilers
Kearney,Izzatt
Griz,Heatly
Eloisa,Barbie
Dian,Hellikes
Georgette,Busfield
Althea,Claxton
Reinaldo,Cominetti
Bord,McKenna
Timmy,McKean
Conrade,MacSween
Eirena,Petofi
Cicily,Manger
Ram,Phythien
Rivy,Brantzen
Ryan,Tuddenham
Culver,Simonato
Hazel,Tinniswood
Edyth,Ferrar
Lowell,Steddall
Torin,Tomney
Mareah,Bannerman
Pascal,Benda
Jermain,Mazella
Vale,Tersay
Mahala,MacNeilly
Briggs,Huckleby
Maye,Arkcoll
Fredra,Portt
Tootsie,Roast
Legra,Tawn
Johnna,McGivena
Bryn,Gebbe
Rooney,Bakey
Lezley,Fewlass
Tootsie,O'Gormally
Holden,Sanderson
Rosalynd,Reinbech
Jacquenette,Capell
Edin,Timcke
Gregorius,O'Scannill
Norah,Argue
Lucretia,Satterly
Ofella,McQuilty
Nissa,Pashan
Adams,Devinn
Marjie,Glander
Wally,Hollidge
Jobie,Alvarez
Benoit,Paulus
Karleen,Osmar
Ellerey,Pickrell
Allie,Cholerton
Web,Ovise
Nikkie,Vasyagin
Nancee,Lettice
Georgeanne,Willmer
Gill,Grainger
Perkin,Whitland
Frank,Gabbat
Cathryn,Bradman
Layne,Ricardet
Leland,Pavolini
Berti,Girling
Anthiathia,Spoole
Aylmar,Donaway
Renelle,Bullard
Minerva,Disman
Gilles,Sharrocks
Arlena,Leyband
Carlene,Sturdgess
Lidia,Burde
Bethanne,Gyurko
Stillman,Bacchus
Cooper,Issac
Maddie,Clemmett
Pollyanna,Spratley
Tamma,McGuiness
Nancy,Simonin
Twyla,McLese
Liesa,Pawelec
Gayler,Wellwood
Julee,Surfleet
Chaunce,Muddimer
Chere,Morey
Allen,Walas
Esther,Cresar
Rocky,Ateggart
Alena,Capaldo
Dicky,Danielski
Robinet,Mattiato
Hermie,Larmet
Diahann,Kingman
Humfrid,Eallis
Krista,Jewis
Maiga,Bedford
Persis,Eddoes
Dael,Couldwell
Saudra,Ellins
Annmarie,Doel
Carmelle,Janse
Grove,Brundill
Flynn,Lowder
Lauri,Lyokhin
Olympie,Flockhart
Bonita,McJarrow
Noak,Dunford
Marcellina,Wolstencroft
Welby,Biggadyke
Domenico,Mapples
Mae,Kernermann
Ilsa,Nockles
Maxwell,Crowcum
Dinnie,Burne
Corbett,Alejandre
Lewie,Shapiro
Gerri,Crawshay
Sander,Winspear
Nap,Iacovino
Gayelord,Dampier
Annice,Walcar
Gearard,Robillart
Derry,Morhall
Kendricks,Gelletly
Cletis,Garmston
Angie,Earle
Glad,Hodcroft
Roxy,Lief
Curr,Lanigan
Willem,Morphey
Dix,Howieson
Roanna,McLean
Waiter,Blinerman
Erich,Kittless
Lloyd,Saker
Cherilyn,Edson
Cortney,Hollyman
Tierney,Ivanisov
Kimbra,Joyson
Kathi,Janak
Adelind,Langeley
D'arcy,Harriday
Natalya,Fortie
Holly,Gilbard
Jobi,Halfhyde
Borg,McKirdy
Bealle,Segar
Orlan,Posselow
Corliss,Halegarth
Marrissa,McBrady
Bronson,Hardison
Shepherd,Bassett
Fionnula,Alcock
Bev,Plaister
Gerik,McMillan
Alexandr,Pinsent
Etta,Maddams
Quill,Fenwick
Elisabetta,Sanbrook
Fletcher,Troker
Tyrus,Jeanesson
Leontine,Sterndale
Rebe,Bardey
Georas,Hulbert
Lavinia,Rollitt
Linnet,Caudrelier
Marty,Jantot
Abbie,MacGee
Hephzibah,Puller
Claribel,Gerg
Jehanna,Baltzar
Edlin,Renison
Hardy,Loveless
Cicely,Siddell
Boyd,Jura
Engelbert,Geffinger
Hillier,Dumbleton
Justino,Bygreaves
Yehudit,Harper
Yuma,Andrez
Micki,Gietz
Gilligan,Northrop
Anni,Martinello
Clarita,Levene
Nerty,Pyburn
Chrisy,Lenthall
Dulcy,Demschke
Dorian,Gudde
Terra,Courtney
Pace,Boskell
Cirillo,Cumbers
Rhonda,Hackly
Stephan,Twinberrow
Stanislaus,Pindell
Kakalina,Smees
Herold,Rimbault
Grantley,Brodley
Pattin,Pymm
Pancho,Karlqvist
Son,Vearncomb
Darill,Priestnall
Morton,MacTrustram
Roberto,Rollings
Emeline,Mc Giffin
Garnette,Heggison
Claudelle,Guitonneau
Dannel,Roux
Justis,Goney
Georgie,Geely
Constantine,Cutmere
Merlina,Cosyns
Mozes,Stuchberry
Jacky,Boarder
Maggi,McEwan
Jakie,McKinley
Steffen,Walenta
Donnamarie,O'Henehan
Pamelina,Rawls
Doug,Churchley
Beltran,Pycock
Marget,Silvester
Ginny,Eggleton
Elden,Ruggiero
Marj,Patinkin
Locke,Jullian
Brucie,Biggin
Stormie,Coulbeck
Charissa,Billes
Joelly,Stoke
Carmen,Dracey
Daisie,Gentery
Clark,Dudding
Fedora,Pesak
Jeramie,Maffiotti
Roseanna,Litzmann
Sabrina,Lorkin
Derward,Pummell
Walker,Rowson
Mikael,Austwick
Elaina,Wynn
Pierson,Laffin
Harper,Coombes
Harri,Feirn
Tracie,Blaver
Gian,Blakeley
Conney,Bea
Dasie,Revington
Marwin,Pragnell
Phelia,Machel
Gayel,Melliard
Adel,Ranscombe
Mick,Hurt
Nicoli,Arnell
